INSERT INTO Especes (id_espece, nomU_espece, nomL_espece, est_menace) VALUES (1, 'Grenouille taureau', 'Lithobates catesbeianus', 0);
INSERT INTO Especes (id_espece, nomU_espece, nomL_espece, est_menace) VALUES (2, 'Grenouille des Pyrenees', 'Rana pyrenaica', 1);
INSERT INTO Especes (id_espece, nomU_espece, nomL_espece, est_menace) VALUES (3, 'Grenouille rousse', 'Rana temporaria', 0);
INSERT INTO Especes (id_espece, nomU_espece, nomL_espece, est_menace) VALUES (4, 'Grenouille verte', 'Pelophylax kl. grafi', 0);
INSERT INTO Especes (id_espece, nomU_espece, nomL_espece, est_menace) VALUES (5, 'Discoglosse corse', 'Discoglossus montalentii', 0);
INSERT INTO Especes (id_espece, nomU_espece, nomL_espece, est_menace) VALUES (6, 'Discoglosse sarde', 'Discoglossus sardus', 0);
INSERT INTO Especes (id_espece, nomU_espece, nomL_espece, est_menace) VALUES (7, 'Crapaud calamite', 'Epidalea calamita', 0);
INSERT INTO Especes (id_espece, nomU_espece, nomL_espece, est_menace) VALUES (8, 'Crapaud epineux', 'Bufo spinosus', 0);
INSERT INTO Especes (id_espece, nomU_espece, nomL_espece, est_menace) VALUES (9, 'Requin-baleine', 'Rhincodon typus', 0);
INSERT INTO Especes (id_espece, nomU_espece, nomL_espece, est_menace) VALUES (10, 'Petite roussette', 'Scyliorhinus canicula', 0);
INSERT INTO Especes (id_espece, nomU_espece, nomL_espece, est_menace) VALUES (11, 'Requin-tapis cordonnier', 'Sutorectus tentaculatus', 0);
INSERT INTO Especes (id_espece, nomU_espece, nomL_espece, est_menace) VALUES (12, 'Grand requin marteau', 'Sphyrna mokarran', 1);
INSERT INTO Especes (id_espece, nomU_espece, nomL_espece, est_menace) VALUES (13, 'Macaque', 'Macaca fascicularis', 0);
INSERT INTO Especes (id_espece, nomU_espece, nomL_espece, est_menace) VALUES (14, 'Chimpanze', 'Pan troglodytes', 1);
INSERT INTO Especes (id_espece, nomU_espece, nomL_espece, est_menace) VALUES (15, 'Gorille des plaines', 'Gorilla gorilla', 1);
INSERT INTO Especes (id_espece, nomU_espece, nomL_espece, est_menace) VALUES (16, 'Orang-outan', 'Pongo pygmaeus', 1);
INSERT INTO Especes (id_espece, nomU_espece, nomL_espece, est_menace) VALUES (17, 'Salamandre tachetee', 'Salamandra salamandra', 0);
INSERT INTO Especes (id_espece, nomU_espece, nomL_espece, est_menace) VALUES (18, 'Triton palme', 'Lissotriton helveticus', 0);
INSERT INTO Especes (id_espece, nomU_espece, nomL_espece, est_menace) VALUES (19, 'Requin citron', 'Negaprion brevirostris', 0);
INSERT INTO Especes (id_espece, nomU_espece, nomL_espece, est_menace) VALUES (20, 'Le Florian SAUVAGE', 'Un élève qui aime bien caché des indices', 0);

INSERT INTO Zone (id_zone, nom_zone) VALUES (1, 'Requin');
INSERT INTO Zone (id_zone, nom_zone) VALUES (2, 'Crapaud');
INSERT INTO Zone (id_zone, nom_zone) VALUES (3, 'Grenouille');
INSERT INTO Zone (id_zone, nom_zone) VALUES (4, 'Singe');
INSERT INTO Zone (id_zone, nom_zone) VALUES (5, 'Salamandre');
INSERT INTO Zone (id_zone, nom_zone) VALUES (6, 'Administration');

INSERT INTO Enclos (id_enclo, longitude_enclo, latitude_enclo, surface_enclo, id_zone) VALUES (1, 1200.31, 513.15, 60, 2);
INSERT INTO Enclos (id_enclo, longitude_enclo, latitude_enclo, surface_enclo, id_zone) VALUES (2, 624.21, 946.24, 80, 4);
INSERT INTO Enclos (id_enclo, longitude_enclo, latitude_enclo, surface_enclo, id_zone) VALUES (3, 800.50, 300.10, 120, 1);
INSERT INTO Enclos (id_enclo, longitude_enclo, latitude_enclo, surface_enclo, id_zone) VALUES (4, 950.75, 450.30, 45, 3);
INSERT INTO Enclos (id_enclo, longitude_enclo, latitude_enclo, surface_enclo, id_zone) VALUES (5, 1100.00, 600.00, 55, 3);
INSERT INTO Enclos (id_enclo, longitude_enclo, latitude_enclo, surface_enclo, id_zone) VALUES (6, 700.20, 800.90, 100, 1);
INSERT INTO Enclos (id_enclo, longitude_enclo, latitude_enclo, surface_enclo, id_zone) VALUES (7, 500.00, 200.00, 70, 2);
INSERT INTO Enclos (id_enclo, longitude_enclo, latitude_enclo, surface_enclo, id_zone) VALUES (8, 1300.60, 700.40, 90, 4);
INSERT INTO Enclos (id_enclo, longitude_enclo, latitude_enclo, surface_enclo, id_zone) VALUES (9, 400.00, 350.00, 65, 5);
INSERT INTO Enclos (id_enclo, longitude_enclo, latitude_enclo, surface_enclo, id_zone) VALUES (10, 450.50, 380.00, 50, 5);

INSERT INTO Particularite (id_particularite, nom_particularite) VALUES (1, 'Bassin');
INSERT INTO Particularite (id_particularite, nom_particularite) VALUES (2, 'Marecage');
INSERT INTO Particularite (id_particularite, nom_particularite) VALUES (3, 'Boise');
INSERT INTO Particularite (id_particularite, nom_particularite) VALUES (4, 'Rocheux');
INSERT INTO Particularite (id_particularite, nom_particularite) VALUES (5, 'Sableux');
INSERT INTO Particularite (id_particularite, nom_particularite) VALUES (6, 'Aquarium geant');
INSERT INTO Particularite (id_particularite, nom_particularite) VALUES (7, 'Zone humide');
INSERT INTO Particularite (id_particularite, nom_particularite) VALUES (8, 'Vegetation tropicale');

INSERT INTO Personnel (id_personnel, nom_personnel, prenom_personnel, pwd_personnel, salaire_personnel, type_personnel, date_entree_personnel, id_personnel_remplacant, id_zone, id_personnel_chef) VALUES (1, 'Dupont', 'Marie', 'f2a4e1e22a7e100368f2223e11eedfcacabf467a5d8178854093952a9a73cc4a', 2800.00, 'veterinaire', TO_DATE('2023-03-15', 'YYYY-MM-DD'), NULL, NULL, NULL);
INSERT INTO Personnel (id_personnel, nom_personnel, prenom_personnel, pwd_personnel, salaire_personnel, type_personnel, date_entree_personnel, id_personnel_remplacant, id_zone, id_personnel_chef) VALUES (2, 'Naveau', 'Ylea', '29fb72f1f0613571077031e2ccf3f2102c466c5713ff8f153b392037c28ffaf1', 2000.00, 'soignant', TO_DATE('2025-10-05', 'YYYY-MM-DD'), NULL, 3, 1);
INSERT INTO Personnel (id_personnel, nom_personnel, prenom_personnel, pwd_personnel, salaire_personnel, type_personnel, date_entree_personnel, id_personnel_remplacant, id_zone, id_personnel_chef) VALUES (3, 'Bruder', 'Nathan', '10688d6699c2a76a1cd80e5a0702b4a9ce913976fe8ac4897b2bf26ffd845007', 1700.00, 'boutique', TO_DATE('2026-01-24', 'YYYY-MM-DD'), NULL, NULL, 1);
INSERT INTO Personnel (id_personnel, nom_personnel, prenom_personnel, pwd_personnel, salaire_personnel, type_personnel, date_entree_personnel, id_personnel_remplacant, id_zone, id_personnel_chef) VALUES (4, 'Dubos', 'Yannis', '8489eb93d7fb8ac4acb92dbd951e5d7a6e8570beb83f25f1b998e28ac4f389fe', 1900.00, 'technique', TO_DATE('2026-01-03', 'YYYY-MM-DD'), NULL, 2, 1);
INSERT INTO Personnel (id_personnel, nom_personnel, prenom_personnel, pwd_personnel, salaire_personnel, type_personnel, date_entree_personnel, id_personnel_remplacant, id_zone, id_personnel_chef) VALUES (5, 'Hardy', 'Katty', '2f9d13865155e01f370a6162e318cce743909f51dfd1e3c0d27a53ee45b3dc63', 2000.00, 'soignant', TO_DATE('2026-01-05', 'YYYY-MM-DD'), 2, 4, 1);
INSERT INTO Personnel (id_personnel, nom_personnel, prenom_personnel, pwd_personnel, salaire_personnel, type_personnel, date_entree_personnel, id_personnel_remplacant, id_zone, id_personnel_chef) VALUES (6, 'Martin', 'Lucas', '92c362cd604548f459ecb3b0e04f431377d441baad914b4b027981ed694ce6d8', 2200.00, 'soignant', TO_DATE('2024-06-10', 'YYYY-MM-DD'), NULL, 1, 1);
INSERT INTO Personnel (id_personnel, nom_personnel, prenom_personnel, pwd_personnel, salaire_personnel, type_personnel, date_entree_personnel, id_personnel_remplacant, id_zone, id_personnel_chef) VALUES (7, 'Florian', 'SILVA', '57387ee97f12ab1f5a1f8f5f3af56193e6e09b96ded841d32e70f6de0b9ea8ec', 99999999999999999999999.99, 'gérant', TO_DATE('2024-09-01', 'YYYY-MM-DD'), 3, NULL, 1);
INSERT INTO Personnel (id_personnel, nom_personnel, prenom_personnel, pwd_personnel, salaire_personnel, type_personnel, date_entree_personnel, id_personnel_remplacant, id_zone, id_personnel_chef) VALUES (8, 'Leroy', 'Thomas', '97521a19ae50c3be436cb66deb634a9d7ac8ca57cfc7aa7b707351b2ee8b5545', 2100.00, 'technique', TO_DATE('2024-11-20', 'YYYY-MM-DD'), 4, 1, 1);
INSERT INTO Personnel (id_personnel, nom_personnel, prenom_personnel, pwd_personnel, salaire_personnel, type_personnel, date_entree_personnel, id_personnel_remplacant, id_zone, id_personnel_chef) VALUES (9, 'Moreau', 'Camille', '19f26eb7ed3d1ae82e96e12a8cc2484f2b89374c30f67a19b79f8fe56cbf0c99', 2500.00, 'veterinaire', TO_DATE('2023-07-01', 'YYYY-MM-DD'), 1, 4, NULL);
INSERT INTO Personnel (id_personnel, nom_personnel, prenom_personnel, pwd_personnel, salaire_personnel, type_personnel, date_entree_personnel, id_personnel_remplacant, id_zone, id_personnel_chef) VALUES (10, 'Petit', 'Antoine', '777e346ac8a002cfb13c87e80d7a21bdb78dd1d956c19d53d6ff049f25b4f308', 1600.00, 'boutique', TO_DATE('2025-03-15', 'YYYY-MM-DD'), 7, NULL, 1);
INSERT INTO Personnel (id_personnel, nom_personnel, prenom_personnel, pwd_personnel, salaire_personnel, type_personnel, date_entree_personnel, id_personnel_remplacant, id_zone, id_personnel_chef) VALUES (11, 'Roux', 'Julie', 'e0b2bfac2b45deba5df0dec32f7c1f514b78c9ac26626b6b5fb902f70cb62d42', 2000.00, 'soignant', TO_DATE('2025-05-20', 'YYYY-MM-DD'), 5, 2, 1);
INSERT INTO Personnel (id_personnel, nom_personnel, prenom_personnel, pwd_personnel, salaire_personnel, type_personnel, date_entree_personnel, id_personnel_remplacant, id_zone, id_personnel_chef) VALUES (12, 'Fournier', 'Hugo', 'cf92bdafba4887206871f06ae6f27ca15b66b34fa0f928e39eea055864367d12', 1950.00, 'technique', TO_DATE('2025-08-10', 'YYYY-MM-DD'), 8, 3, 1);
INSERT INTO Personnel (id_personnel, nom_personnel, prenom_personnel, pwd_personnel, salaire_personnel, type_personnel, date_entree_personnel, id_personnel_remplacant, id_zone, id_personnel_chef) VALUES (13, 'Girard', 'Emma', '77e861a22fda630cfc1318a883db9c929089b76a70cdd520d73e62c0a71906a8', 2300.00, 'soignant', TO_DATE('2024-01-15', 'YYYY-MM-DD'), 6, 1, 9);
INSERT INTO Personnel (id_personnel, nom_personnel, prenom_personnel, pwd_personnel, salaire_personnel, type_personnel, date_entree_personnel, id_personnel_remplacant, id_zone, id_personnel_chef) VALUES (14, 'Bonnet', 'Leo', 'ea8ee80c824cb73810482f5d017b1bd9406d6e6ab27957f65564aed4dd6e4bf4', 1750.00, 'boutique', TO_DATE('2025-11-01', 'YYYY-MM-DD'), 10, NULL, 1);
INSERT INTO Personnel (id_personnel, nom_personnel, prenom_personnel, pwd_personnel, salaire_personnel, type_personnel, date_entree_personnel, id_personnel_remplacant, id_zone, id_personnel_chef) VALUES (15, 'Lambert', 'Clara', 'ddd670a864c4db6fa09e7d3f95164bd8396b6a68f6e96a3b37faba6758060217', 2100.00, 'soignant', TO_DATE('2024-04-20', 'YYYY-MM-DD'), 11, 5, 9);

INSERT INTO Visiteur (id_visiteur, nom_visiteur, prenom_visiteur, Email_visiteur) VALUES (1, 'Sunray', 'Mary', 'froz.mary@gmail.com');
INSERT INTO Visiteur (id_visiteur, nom_visiteur, prenom_visiteur, Email_visiteur) VALUES (2, 'Code', 'Java', 'code.java@gmail.com');
INSERT INTO Visiteur (id_visiteur, nom_visiteur, prenom_visiteur, Email_visiteur) VALUES (3, 'Dustream', 'Mecko21', 'Mecko21@twitch.com');
INSERT INTO Visiteur (id_visiteur, nom_visiteur, prenom_visiteur, Email_visiteur) VALUES (4, 'Lemoine', 'Alice', 'alice.lemoine@hotmail.com');
INSERT INTO Visiteur (id_visiteur, nom_visiteur, prenom_visiteur, Email_visiteur) VALUES (5, 'Garcia', 'Pablo', 'pablo.garcia@yahoo.fr');
INSERT INTO Visiteur (id_visiteur, nom_visiteur, prenom_visiteur, Email_visiteur) VALUES (6, 'Nguyen', 'Linh', 'linh.nguyen@gmail.com');
INSERT INTO Visiteur (id_visiteur, nom_visiteur, prenom_visiteur, Email_visiteur) VALUES (7, 'Dubois', 'Julien', 'julien.dubois@outlook.com');
INSERT INTO Visiteur (id_visiteur, nom_visiteur, prenom_visiteur, Email_visiteur) VALUES (8, 'Fischer', 'Anna', 'anna.fischer@gmail.com');
INSERT INTO Visiteur (id_visiteur, nom_visiteur, prenom_visiteur, Email_visiteur) VALUES (9, 'Rossi', 'Marco', 'marco.rossi@libero.it');
INSERT INTO Visiteur (id_visiteur, nom_visiteur, prenom_visiteur, Email_visiteur) VALUES (10, 'Smith', 'John', 'john.smith@gmail.com');
INSERT INTO Visiteur (id_visiteur, nom_visiteur, prenom_visiteur, Email_visiteur) VALUES (11, 'Muller', 'Hans', 'hans.muller@web.de');
INSERT INTO Visiteur (id_visiteur, nom_visiteur, prenom_visiteur, Email_visiteur) VALUES (12, 'Takahashi', 'Yuki', 'yuki.takahashi@gmail.com');
INSERT INTO Visiteur (id_visiteur, nom_visiteur, prenom_visiteur, Email_visiteur) VALUES (13, 'Patel', 'Priya', 'priya.patel@yahoo.com');
INSERT INTO Visiteur (id_visiteur, nom_visiteur, prenom_visiteur, Email_visiteur) VALUES (14, 'Johansson', 'Erik', 'erik.johansson@outlook.com');
INSERT INTO Visiteur (id_visiteur, nom_visiteur, prenom_visiteur, Email_visiteur) VALUES (15, 'Leclerc', 'Manon', 'manon.leclerc@gmail.com');

INSERT INTO Prestation (id_prestation, description_prestation, niveau_requis) VALUES (1, 'Visite guidee du parc', 'bronze');
INSERT INTO Prestation (id_prestation, description_prestation, niveau_requis) VALUES (2, 'Nourrissage des animaux', 'argent');
INSERT INTO Prestation (id_prestation, description_prestation, niveau_requis) VALUES (3, 'Rencontre avec un soignant', 'argent');
INSERT INTO Prestation (id_prestation, description_prestation, niveau_requis) VALUES (4, 'Accès à lappartement de florian', 'or');
INSERT INTO Prestation (id_prestation, description_prestation, niveau_requis) VALUES (5, 'Photo souvenir avec animal', 'bronze');
INSERT INTO Prestation (id_prestation, description_prestation, niveau_requis) VALUES (6, 'Atelier pedagogique enfants', 'bronze');
INSERT INTO Prestation (id_prestation, description_prestation, niveau_requis) VALUES (7, 'Visite des coulisses', 'or');
INSERT INTO Prestation (id_prestation, description_prestation, niveau_requis) VALUES (8, 'Parrainage premium avec suivi mensuel', 'or');

INSERT INTO Boutique (id_boutique, type_boutique, id_zone) VALUES (1, 'Souvenirs', 1);
INSERT INTO Boutique (id_boutique, type_boutique, id_zone) VALUES (2, 'Restauration', 2);
INSERT INTO Boutique (id_boutique, type_boutique, id_zone) VALUES (3, 'Souvenirs', 3);
INSERT INTO Boutique (id_boutique, type_boutique, id_zone) VALUES (4, 'Restauration', 4);
INSERT INTO Boutique (id_boutique, type_boutique, id_zone) VALUES (5, 'Librairie', 6);
INSERT INTO Boutique (id_boutique, type_boutique, id_zone) VALUES (6, 'Snack', 1);
INSERT INTO Boutique (id_boutique, type_boutique, id_zone) VALUES (7, 'Photographie', 3);

INSERT INTO Chiffre_affaire (id_ca, date_ca, montant_ca, id_boutique) VALUES (1, TO_DATE('2025-01-15', 'YYYY-MM-DD'), 1250.50, 1);
INSERT INTO Chiffre_affaire (id_ca, date_ca, montant_ca, id_boutique) VALUES (2, TO_DATE('2025-01-15', 'YYYY-MM-DD'), 890.00, 2);
INSERT INTO Chiffre_affaire (id_ca, date_ca, montant_ca, id_boutique) VALUES (3, TO_DATE('2025-01-15', 'YYYY-MM-DD'), 2100.75, 4);
INSERT INTO Chiffre_affaire (id_ca, date_ca, montant_ca, id_boutique) VALUES (4, TO_DATE('2025-02-15', 'YYYY-MM-DD'), 1400.00, 1);
INSERT INTO Chiffre_affaire (id_ca, date_ca, montant_ca, id_boutique) VALUES (5, TO_DATE('2025-02-15', 'YYYY-MM-DD'), 950.30, 2);
INSERT INTO Chiffre_affaire (id_ca, date_ca, montant_ca, id_boutique) VALUES (6, TO_DATE('2025-02-15', 'YYYY-MM-DD'), 1800.00, 4);
INSERT INTO Chiffre_affaire (id_ca, date_ca, montant_ca, id_boutique) VALUES (7, TO_DATE('2025-03-15', 'YYYY-MM-DD'), 1750.25, 1);
INSERT INTO Chiffre_affaire (id_ca, date_ca, montant_ca, id_boutique) VALUES (8, TO_DATE('2025-03-15', 'YYYY-MM-DD'), 1100.00, 2);
INSERT INTO Chiffre_affaire (id_ca, date_ca, montant_ca, id_boutique) VALUES (9, TO_DATE('2025-03-15', 'YYYY-MM-DD'), 2500.00, 4);
INSERT INTO Chiffre_affaire (id_ca, date_ca, montant_ca, id_boutique) VALUES (10, TO_DATE('2025-04-15', 'YYYY-MM-DD'), 3200.00, 1);
INSERT INTO Chiffre_affaire (id_ca, date_ca, montant_ca, id_boutique) VALUES (11, TO_DATE('2025-04-15', 'YYYY-MM-DD'), 1500.00, 3);
INSERT INTO Chiffre_affaire (id_ca, date_ca, montant_ca, id_boutique) VALUES (12, TO_DATE('2025-04-15', 'YYYY-MM-DD'), 2800.00, 4);
INSERT INTO Chiffre_affaire (id_ca, date_ca, montant_ca, id_boutique) VALUES (13, TO_DATE('2025-05-15', 'YYYY-MM-DD'), 4100.50, 1);
INSERT INTO Chiffre_affaire (id_ca, date_ca, montant_ca, id_boutique) VALUES (14, TO_DATE('2025-05-15', 'YYYY-MM-DD'), 2200.00, 2);
INSERT INTO Chiffre_affaire (id_ca, date_ca, montant_ca, id_boutique) VALUES (15, TO_DATE('2025-05-15', 'YYYY-MM-DD'), 3500.00, 4);
INSERT INTO Chiffre_affaire (id_ca, date_ca, montant_ca, id_boutique) VALUES (16, TO_DATE('2025-06-15', 'YYYY-MM-DD'), 5200.00, 1);
INSERT INTO Chiffre_affaire (id_ca, date_ca, montant_ca, id_boutique) VALUES (17, TO_DATE('2025-06-15', 'YYYY-MM-DD'), 3100.00, 2);
INSERT INTO Chiffre_affaire (id_ca, date_ca, montant_ca, id_boutique) VALUES (18, TO_DATE('2025-06-15', 'YYYY-MM-DD'), 4800.00, 4);
INSERT INTO Chiffre_affaire (id_ca, date_ca, montant_ca, id_boutique) VALUES (19, TO_DATE('2025-06-15', 'YYYY-MM-DD'), 1900.00, 5);
INSERT INTO Chiffre_affaire (id_ca, date_ca, montant_ca, id_boutique) VALUES (20, TO_DATE('2025-07-15', 'YYYY-MM-DD'), 6500.00, 1);
INSERT INTO Chiffre_affaire (id_ca, date_ca, montant_ca, id_boutique) VALUES (21, TO_DATE('2025-07-15', 'YYYY-MM-DD'), 3800.00, 2);
INSERT INTO Chiffre_affaire (id_ca, date_ca, montant_ca, id_boutique) VALUES (22, TO_DATE('2025-07-15', 'YYYY-MM-DD'), 5500.00, 4);
INSERT INTO Chiffre_affaire (id_ca, date_ca, montant_ca, id_boutique) VALUES (23, TO_DATE('2025-07-15', 'YYYY-MM-DD'), 2500.00, 5);
INSERT INTO Chiffre_affaire (id_ca, date_ca, montant_ca, id_boutique) VALUES (24, TO_DATE('2025-07-15', 'YYYY-MM-DD'), 1200.00, 6);
INSERT INTO Chiffre_affaire (id_ca, date_ca, montant_ca, id_boutique) VALUES (25, TO_DATE('2025-08-15', 'YYYY-MM-DD'), 7100.00, 1);
INSERT INTO Chiffre_affaire (id_ca, date_ca, montant_ca, id_boutique) VALUES (26, TO_DATE('2025-08-15', 'YYYY-MM-DD'), 4200.00, 2);
INSERT INTO Chiffre_affaire (id_ca, date_ca, montant_ca, id_boutique) VALUES (27, TO_DATE('2025-08-15', 'YYYY-MM-DD'), 6000.00, 4);
INSERT INTO Chiffre_affaire (id_ca, date_ca, montant_ca, id_boutique) VALUES (28, TO_DATE('2025-08-15', 'YYYY-MM-DD'), 2800.00, 5);
INSERT INTO Chiffre_affaire (id_ca, date_ca, montant_ca, id_boutique) VALUES (29, TO_DATE('2025-09-15', 'YYYY-MM-DD'), 3500.00, 1);
INSERT INTO Chiffre_affaire (id_ca, date_ca, montant_ca, id_boutique) VALUES (30, TO_DATE('2025-09-15', 'YYYY-MM-DD'), 1800.00, 2);
INSERT INTO Chiffre_affaire (id_ca, date_ca, montant_ca, id_boutique) VALUES (31, TO_DATE('2025-10-15', 'YYYY-MM-DD'), 2900.00, 1);
INSERT INTO Chiffre_affaire (id_ca, date_ca, montant_ca, id_boutique) VALUES (32, TO_DATE('2025-10-15', 'YYYY-MM-DD'), 1500.00, 3);
INSERT INTO Chiffre_affaire (id_ca, date_ca, montant_ca, id_boutique) VALUES (33, TO_DATE('2025-11-15', 'YYYY-MM-DD'), 2100.00, 1);
INSERT INTO Chiffre_affaire (id_ca, date_ca, montant_ca, id_boutique) VALUES (34, TO_DATE('2025-12-15', 'YYYY-MM-DD'), 4500.00, 1);
INSERT INTO Chiffre_affaire (id_ca, date_ca, montant_ca, id_boutique) VALUES (35, TO_DATE('2025-12-15', 'YYYY-MM-DD'), 3200.00, 4);
INSERT INTO Chiffre_affaire (id_ca, date_ca, montant_ca, id_boutique) VALUES (36, TO_DATE('2026-01-15', 'YYYY-MM-DD'), 1800.00, 1);
INSERT INTO Chiffre_affaire (id_ca, date_ca, montant_ca, id_boutique) VALUES (37, TO_DATE('2026-01-15', 'YYYY-MM-DD'), 1100.00, 2);
INSERT INTO Chiffre_affaire (id_ca, date_ca, montant_ca, id_boutique) VALUES (38, TO_DATE('2026-02-15', 'YYYY-MM-DD'), 2000.00, 1);
INSERT INTO Chiffre_affaire (id_ca, date_ca, montant_ca, id_boutique) VALUES (39, TO_DATE('2026-02-15', 'YYYY-MM-DD'), 1300.00, 3);
INSERT INTO Chiffre_affaire (id_ca, date_ca, montant_ca, id_boutique) VALUES (40, TO_DATE('2026-03-15', 'YYYY-MM-DD'), 2700.00, 1);

INSERT INTO Prestataire (id_prestataire, nom_prestataire, specialite_prestataire) VALUES (1, 'AquaRepair', 'Plomberie aquariums');
INSERT INTO Prestataire (id_prestataire, nom_prestataire, specialite_prestataire) VALUES (2, 'VetriPlus', 'Vitrerie et verreries');
INSERT INTO Prestataire (id_prestataire, nom_prestataire, specialite_prestataire) VALUES (3, 'EcoClot', 'Clotures ecologiques');
INSERT INTO Prestataire (id_prestataire, nom_prestataire, specialite_prestataire) VALUES (4, 'TerraForm', 'Amenagement terrain');
INSERT INTO Prestataire (id_prestataire, nom_prestataire, specialite_prestataire) VALUES (5, 'ElecZoo', 'Electricite et eclairage');
INSERT INTO Prestataire (id_prestataire, nom_prestataire, specialite_prestataire) VALUES (6, 'BoisNature', 'Menuiserie et structures bois');
INSERT INTO Prestataire (id_prestataire, nom_prestataire, specialite_prestataire) VALUES (7, 'MetalPro', 'Serrurerie et metallerie');

INSERT INTO Historique_emploi (id_historique, type_poste, date_debut, date_fin, salaire, id_personnel) VALUES (1, 'stagiaire', TO_DATE('2022-06-01', 'YYYY-MM-DD'), TO_DATE('2022-08-31', 'YYYY-MM-DD'), 800.00, 1);
INSERT INTO Historique_emploi (id_historique, type_poste, date_debut, date_fin, salaire, id_personnel) VALUES (2, 'soignant', TO_DATE('2022-09-01', 'YYYY-MM-DD'), TO_DATE('2023-03-14', 'YYYY-MM-DD'), 1800.00, 1);
INSERT INTO Historique_emploi (id_historique, type_poste, date_debut, date_fin, salaire, id_personnel) VALUES (3, 'veterinaire', TO_DATE('2023-03-15', 'YYYY-MM-DD'), NULL, 2800.00, 1);
INSERT INTO Historique_emploi (id_historique, type_poste, date_debut, date_fin, salaire, id_personnel) VALUES (4, 'stagiaire', TO_DATE('2025-06-01', 'YYYY-MM-DD'), TO_DATE('2025-09-30', 'YYYY-MM-DD'), 800.00, 2);
INSERT INTO Historique_emploi (id_historique, type_poste, date_debut, date_fin, salaire, id_personnel) VALUES (5, 'soignant', TO_DATE('2025-10-05', 'YYYY-MM-DD'), NULL, 2000.00, 2);
INSERT INTO Historique_emploi (id_historique, type_poste, date_debut, date_fin, salaire, id_personnel) VALUES (6, 'boutique', TO_DATE('2026-01-24', 'YYYY-MM-DD'), NULL, 1700.00, 3);
INSERT INTO Historique_emploi (id_historique, type_poste, date_debut, date_fin, salaire, id_personnel) VALUES (7, 'stagiaire', TO_DATE('2025-09-01', 'YYYY-MM-DD'), TO_DATE('2025-12-31', 'YYYY-MM-DD'), 800.00, 4);
INSERT INTO Historique_emploi (id_historique, type_poste, date_debut, date_fin, salaire, id_personnel) VALUES (8, 'technique', TO_DATE('2026-01-03', 'YYYY-MM-DD'), NULL, 1900.00, 4);
INSERT INTO Historique_emploi (id_historique, type_poste, date_debut, date_fin, salaire, id_personnel) VALUES (9, 'soignant', TO_DATE('2026-01-05', 'YYYY-MM-DD'), NULL, 2000.00, 5);
INSERT INTO Historique_emploi (id_historique, type_poste, date_debut, date_fin, salaire, id_personnel) VALUES (10, 'stagiaire', TO_DATE('2024-01-15', 'YYYY-MM-DD'), TO_DATE('2024-06-09', 'YYYY-MM-DD'), 800.00, 6);
INSERT INTO Historique_emploi (id_historique, type_poste, date_debut, date_fin, salaire, id_personnel) VALUES (11, 'soignant', TO_DATE('2024-06-10', 'YYYY-MM-DD'), NULL, 2200.00, 6);
INSERT INTO Historique_emploi (id_historique, type_poste, date_debut, date_fin, salaire, id_personnel) VALUES (12, 'boutique', TO_DATE('2024-09-01', 'YYYY-MM-DD'), NULL, 1800.00, 7);
INSERT INTO Historique_emploi (id_historique, type_poste, date_debut, date_fin, salaire, id_personnel) VALUES (13, 'technique', TO_DATE('2024-11-20', 'YYYY-MM-DD'), NULL, 2100.00, 8);
INSERT INTO Historique_emploi (id_historique, type_poste, date_debut, date_fin, salaire, id_personnel) VALUES (14, 'stagiaire', TO_DATE('2023-01-01', 'YYYY-MM-DD'), TO_DATE('2023-06-30', 'YYYY-MM-DD'), 800.00, 9);
INSERT INTO Historique_emploi (id_historique, type_poste, date_debut, date_fin, salaire, id_personnel) VALUES (15, 'veterinaire', TO_DATE('2023-07-01', 'YYYY-MM-DD'), NULL, 2500.00, 9);
INSERT INTO Historique_emploi (id_historique, type_poste, date_debut, date_fin, salaire, id_personnel) VALUES (16, 'boutique', TO_DATE('2025-03-15', 'YYYY-MM-DD'), NULL, 1600.00, 10);
INSERT INTO Historique_emploi (id_historique, type_poste, date_debut, date_fin, salaire, id_personnel) VALUES (17, 'soignant', TO_DATE('2025-05-20', 'YYYY-MM-DD'), NULL, 2000.00, 11);
INSERT INTO Historique_emploi (id_historique, type_poste, date_debut, date_fin, salaire, id_personnel) VALUES (18, 'technique', TO_DATE('2025-08-10', 'YYYY-MM-DD'), NULL, 1950.00, 12);
INSERT INTO Historique_emploi (id_historique, type_poste, date_debut, date_fin, salaire, id_personnel) VALUES (19, 'soignant', TO_DATE('2024-01-15', 'YYYY-MM-DD'), NULL, 2300.00, 13);
INSERT INTO Historique_emploi (id_historique, type_poste, date_debut, date_fin, salaire, id_personnel) VALUES (20, 'boutique', TO_DATE('2025-11-01', 'YYYY-MM-DD'), NULL, 1750.00, 14);
INSERT INTO Historique_emploi (id_historique, type_poste, date_debut, date_fin, salaire, id_personnel) VALUES (21, 'soignant', TO_DATE('2024-04-20', 'YYYY-MM-DD'), NULL, 2100.00, 15);

INSERT INTO Animaux (id_animaux, nom_animal, dob_animal, poids_animal, regime_alimentaire_animal, rfid_animal, id_personnel, id_enclo, id_espece) VALUES (1, 'Punch', TO_DATE('2025-12-21', 'YYYY-MM-DD'), 20.50, 'vegetarien', '9691970585', 5, 2, 13);
INSERT INTO Animaux (id_animaux, nom_animal, dob_animal, poids_animal, regime_alimentaire_animal, rfid_animal, id_personnel, id_enclo, id_espece) VALUES (2, 'Koko', TO_DATE('2020-05-10', 'YYYY-MM-DD'), 35.00, 'vegetarien', '9691970586', 5, 2, 14);
INSERT INTO Animaux (id_animaux, nom_animal, dob_animal, poids_animal, regime_alimentaire_animal, rfid_animal, id_personnel, id_enclo, id_espece) VALUES (3, 'Bouba', TO_DATE('2018-03-22', 'YYYY-MM-DD'), 180.00, 'vegetarien', '9691970587', 5, 8, 15);
INSERT INTO Animaux (id_animaux, nom_animal, dob_animal, poids_animal, regime_alimentaire_animal, rfid_animal, id_personnel, id_enclo, id_espece) VALUES (4, 'Titan', TO_DATE('2022-08-15', 'YYYY-MM-DD'), 45.00, 'vegetarien', '9691970588', 5, 2, 16);
INSERT INTO Animaux (id_animaux, nom_animal, dob_animal, poids_animal, regime_alimentaire_animal, rfid_animal, id_personnel, id_enclo, id_espece) VALUES (5, 'Flash', TO_DATE('2024-01-12', 'YYYY-MM-DD'), 0.05, 'insectivore', '9691970589', 2, 4, 1);
INSERT INTO Animaux (id_animaux, nom_animal, dob_animal, poids_animal, regime_alimentaire_animal, rfid_animal, id_personnel, id_enclo, id_espece) VALUES (6, 'Jade', TO_DATE('2023-07-03', 'YYYY-MM-DD'), 0.03, 'insectivore', '9691970590', 2, 4, 2);
INSERT INTO Animaux (id_animaux, nom_animal, dob_animal, poids_animal, regime_alimentaire_animal, rfid_animal, id_personnel, id_enclo, id_espece) VALUES (7, 'Rosie', TO_DATE('2024-06-18', 'YYYY-MM-DD'), 0.04, 'insectivore', '9691970591', 2, 5, 3);
INSERT INTO Animaux (id_animaux, nom_animal, dob_animal, poids_animal, regime_alimentaire_animal, rfid_animal, id_personnel, id_enclo, id_espece) VALUES (8, 'Emeraude', TO_DATE('2023-11-25', 'YYYY-MM-DD'), 0.03, 'insectivore', '9691970592', 2, 5, 4);
INSERT INTO Animaux (id_animaux, nom_animal, dob_animal, poids_animal, regime_alimentaire_animal, rfid_animal, id_personnel, id_enclo, id_espece) VALUES (9, 'Pepite', TO_DATE('2024-03-08', 'YYYY-MM-DD'), 0.02, 'insectivore', '9691970593', 2, 4, 2);
INSERT INTO Animaux (id_animaux, nom_animal, dob_animal, poids_animal, regime_alimentaire_animal, rfid_animal, id_personnel, id_enclo, id_espece) VALUES (10, 'Corail', TO_DATE('2022-02-14', 'YYYY-MM-DD'), 0.04, 'insectivore', '9691970594', 11, 1, 7);
INSERT INTO Animaux (id_animaux, nom_animal, dob_animal, poids_animal, regime_alimentaire_animal, rfid_animal, id_personnel, id_enclo, id_espece) VALUES (11, 'Roc', TO_DATE('2021-09-30', 'YYYY-MM-DD'), 0.06, 'insectivore', '9691970595', 11, 1, 8);
INSERT INTO Animaux (id_animaux, nom_animal, dob_animal, poids_animal, regime_alimentaire_animal, rfid_animal, id_personnel, id_enclo, id_espece) VALUES (12, 'Bulle', TO_DATE('2023-04-20', 'YYYY-MM-DD'), 0.05, 'insectivore', '9691970596', 11, 7, 7);
INSERT INTO Animaux (id_animaux, nom_animal, dob_animal, poids_animal, regime_alimentaire_animal, rfid_animal, id_personnel, id_enclo, id_espece) VALUES (13, 'Atlas', TO_DATE('2015-11-05', 'YYYY-MM-DD'), 8500.00, 'filtreur', '9691970597', 6, 3, 9);
INSERT INTO Animaux (id_animaux, nom_animal, dob_animal, poids_animal, regime_alimentaire_animal, rfid_animal, id_personnel, id_enclo, id_espece) VALUES (14, 'Nemo', TO_DATE('2021-06-12', 'YYYY-MM-DD'), 1.20, 'carnivore', '9691970598', 6, 3, 10);
INSERT INTO Animaux (id_animaux, nom_animal, dob_animal, poids_animal, regime_alimentaire_animal, rfid_animal, id_personnel, id_enclo, id_espece) VALUES (15, 'Tapis', TO_DATE('2020-08-19', 'YYYY-MM-DD'), 3.50, 'carnivore', '9691970599', 6, 6, 11);
INSERT INTO Animaux (id_animaux, nom_animal, dob_animal, poids_animal, regime_alimentaire_animal, rfid_animal, id_personnel, id_enclo, id_espece) VALUES (16, 'Marteau', TO_DATE('2019-01-28', 'YYYY-MM-DD'), 150.00, 'carnivore', '9691970600', 13, 6, 12);
INSERT INTO Animaux (id_animaux, nom_animal, dob_animal, poids_animal, regime_alimentaire_animal, rfid_animal, id_personnel, id_enclo, id_espece) VALUES (17, 'Tempete', TO_DATE('2022-10-10', 'YYYY-MM-DD'), 120.00, 'carnivore', '9691970601', 13, 6, 12);
INSERT INTO Animaux (id_animaux, nom_animal, dob_animal, poids_animal, regime_alimentaire_animal, rfid_animal, id_personnel, id_enclo, id_espece) VALUES (18, 'Ondine', TO_DATE('2023-05-15', 'YYYY-MM-DD'), 0.80, 'carnivore', '9691970602', 6, 3, 10);
INSERT INTO Animaux (id_animaux, nom_animal, dob_animal, poids_animal, regime_alimentaire_animal, rfid_animal, id_personnel, id_enclo, id_espece) VALUES (19, 'Eclair', TO_DATE('2024-09-01', 'YYYY-MM-DD'), 0.03, 'insectivore', '9691970603', 2, 4, 3);
INSERT INTO Animaux (id_animaux, nom_animal, dob_animal, poids_animal, regime_alimentaire_animal, rfid_animal, id_personnel, id_enclo, id_espece) VALUES (20, 'Cleo', TO_DATE('2019-12-01', 'YYYY-MM-DD'), 40.00, 'vegetarien', '9691970604', 5, 8, 15);
INSERT INTO Animaux (id_animaux, nom_animal, dob_animal, poids_animal, regime_alimentaire_animal, rfid_animal, id_personnel, id_enclo, id_espece) VALUES (21, 'Mango', TO_DATE('2021-07-14', 'YYYY-MM-DD'), 25.00, 'vegetarien', '9691970605', 5, 2, 13);
INSERT INTO Animaux (id_animaux, nom_animal, dob_animal, poids_animal, regime_alimentaire_animal, rfid_animal, id_personnel, id_enclo, id_espece) VALUES (22, 'Banane', TO_DATE('2023-02-28', 'YYYY-MM-DD'), 18.00, 'vegetarien', '9691970606', 5, 2, 13);
INSERT INTO Animaux (id_animaux, nom_animal, dob_animal, poids_animal, regime_alimentaire_animal, rfid_animal, id_personnel, id_enclo, id_espece) VALUES (23, 'Citron', TO_DATE('2020-04-10', 'YYYY-MM-DD'), 0.06, 'insectivore', '9691970607', 13, 6, 19);
INSERT INTO Animaux (id_animaux, nom_animal, dob_animal, poids_animal, regime_alimentaire_animal, rfid_animal, id_personnel, id_enclo, id_espece) VALUES (24, 'Argent', TO_DATE('2021-11-22', 'YYYY-MM-DD'), 35.00, 'carnivore', '9691970608', 13, 6, 20);
INSERT INTO Animaux (id_animaux, nom_animal, dob_animal, poids_animal, regime_alimentaire_animal, rfid_animal, id_personnel, id_enclo, id_espece) VALUES (25, 'Feuille', TO_DATE('2024-02-14', 'YYYY-MM-DD'), 0.02, 'insectivore', '9691970609', 15, 9, 17);
INSERT INTO Animaux (id_animaux, nom_animal, dob_animal, poids_animal, regime_alimentaire_animal, rfid_animal, id_personnel, id_enclo, id_espece) VALUES (26, 'Mousse', TO_DATE('2023-08-30', 'YYYY-MM-DD'), 0.01, 'insectivore', '9691970610', 15, 9, 18);
INSERT INTO Animaux (id_animaux, nom_animal, dob_animal, poids_animal, regime_alimentaire_animal, rfid_animal, id_personnel, id_enclo, id_espece) VALUES (27, 'Flamme', TO_DATE('2024-05-05', 'YYYY-MM-DD'), 0.03, 'insectivore', '9691970611', 15, 10, 17);
INSERT INTO Animaux (id_animaux, nom_animal, dob_animal, poids_animal, regime_alimentaire_animal, rfid_animal, id_personnel, id_enclo, id_espece) VALUES (28, 'Gouttelette', TO_DATE('2023-12-12', 'YYYY-MM-DD'), 0.01, 'insectivore', '9691970612', 15, 10, 18);
INSERT INTO Animaux (id_animaux, nom_animal, dob_animal, poids_animal, regime_alimentaire_animal, rfid_animal, id_personnel, id_enclo, id_espece) VALUES (29, 'Luna', TO_DATE('2024-08-20', 'YYYY-MM-DD'), 15.00, 'vegetarien', '9691970613', 5, 2, 13);
INSERT INTO Animaux (id_animaux, nom_animal, dob_animal, poids_animal, regime_alimentaire_animal, rfid_animal, id_personnel, id_enclo, id_espece) VALUES (30, 'Rocky', TO_DATE('2022-06-06', 'YYYY-MM-DD'), 0.07, 'insectivore', '9691970614', 11, 7, 8);

INSERT INTO Soins (id_soin, type_soin, description_soin, date_soin, id_personnel, id_animaux) VALUES (1, 'Vaccination', 'Vaccin annuel antirabique', TO_DATE('2025-06-15', 'YYYY-MM-DD'), 2, 1);
INSERT INTO Soins (id_soin, type_soin, description_soin, date_soin, id_personnel, id_animaux) VALUES (2, 'Controle', 'Bilan de sante general', TO_DATE('2025-07-01', 'YYYY-MM-DD'), 5, 2);
INSERT INTO Soins (id_soin, type_soin, description_soin, date_soin, id_personnel, id_animaux) VALUES (3, 'Traitement', 'Traitement antiparasitaire', TO_DATE('2025-08-10', 'YYYY-MM-DD'), 6, 13);
INSERT INTO Soins (id_soin, type_soin, description_soin, date_soin, id_personnel, id_animaux) VALUES (4, 'Vaccination', 'Vaccin annuel', TO_DATE('2025-09-05', 'YYYY-MM-DD'), 2, 5);
INSERT INTO Soins (id_soin, type_soin, description_soin, date_soin, id_personnel, id_animaux) VALUES (5, 'Chirurgie', 'Retrait kyste patte arriere', TO_DATE('2025-10-20', 'YYYY-MM-DD'), 5, 3);
INSERT INTO Soins (id_soin, type_soin, description_soin, date_soin, id_personnel, id_animaux) VALUES (6, 'Controle', 'Examen oculaire', TO_DATE('2025-11-12', 'YYYY-MM-DD'), 6, 16);
INSERT INTO Soins (id_soin, type_soin, description_soin, date_soin, id_personnel, id_animaux) VALUES (7, 'Traitement', 'Antibiotiques infection cutanee', TO_DATE('2025-12-01', 'YYYY-MM-DD'), 2, 7);
INSERT INTO Soins (id_soin, type_soin, description_soin, date_soin, id_personnel, id_animaux) VALUES (8, 'Controle', 'Pesee trimestrielle', TO_DATE('2026-01-10', 'YYYY-MM-DD'), 13, 17);
INSERT INTO Soins (id_soin, type_soin, description_soin, date_soin, id_personnel, id_animaux) VALUES (9, 'Vaccination', 'Rappel vaccin', TO_DATE('2026-01-15', 'YYYY-MM-DD'), 5, 4);
INSERT INTO Soins (id_soin, type_soin, description_soin, date_soin, id_personnel, id_animaux) VALUES (10, 'Traitement', 'Vermifuge', TO_DATE('2026-01-20', 'YYYY-MM-DD'), 6, 14);
INSERT INTO Soins (id_soin, type_soin, description_soin, date_soin, id_personnel, id_animaux) VALUES (11, 'Controle', 'Bilan sanguin', TO_DATE('2026-02-01', 'YYYY-MM-DD'), 2, 10);
INSERT INTO Soins (id_soin, type_soin, description_soin, date_soin, id_personnel, id_animaux) VALUES (12, 'Traitement', 'Soin de plaie', TO_DATE('2026-02-10', 'YYYY-MM-DD'), 11, 11);
INSERT INTO Soins (id_soin, type_soin, description_soin, date_soin, id_personnel, id_animaux) VALUES (13, 'Controle', 'Examen general', TO_DATE('2026-02-15', 'YYYY-MM-DD'), 15, 25);
INSERT INTO Soins (id_soin, type_soin, description_soin, date_soin, id_personnel, id_animaux) VALUES (14, 'Vaccination', 'Vaccin preventif', TO_DATE('2026-02-20', 'YYYY-MM-DD'), 13, 18);
INSERT INTO Soins (id_soin, type_soin, description_soin, date_soin, id_personnel, id_animaux) VALUES (15, 'Controle', 'Verification RFID', TO_DATE('2026-03-01', 'YYYY-MM-DD'), 6, 15);
INSERT INTO Soins (id_soin, type_soin, description_soin, date_soin, id_personnel, id_animaux) VALUES (16, 'Traitement', 'Complement vitamine', TO_DATE('2026-03-05', 'YYYY-MM-DD'), 5, 20);
INSERT INTO Soins (id_soin, type_soin, description_soin, date_soin, id_personnel, id_animaux) VALUES (17, 'Controle', 'Pesee mensuelle', TO_DATE('2026-03-10', 'YYYY-MM-DD'), 2, 6);
INSERT INTO Soins (id_soin, type_soin, description_soin, date_soin, id_personnel, id_animaux) VALUES (18, 'Vaccination', 'Rappel annuel', TO_DATE('2026-03-15', 'YYYY-MM-DD'), 11, 12);
INSERT INTO Soins (id_soin, type_soin, description_soin, date_soin, id_personnel, id_animaux) VALUES (19, 'Controle', 'Examen dentaire', TO_DATE('2026-03-20', 'YYYY-MM-DD'), 15, 27);
INSERT INTO Soins (id_soin, type_soin, description_soin, date_soin, id_personnel, id_animaux) VALUES (20, 'Traitement', 'Desinfection bassin', TO_DATE('2026-03-25', 'YYYY-MM-DD'), 13, 24);

INSERT INTO Alimentation (id_alimentation, dose_journaliere_alimentation, date_alimentation, id_personnel, id_animaux) VALUES (1, 2.50, TO_DATE('2026-03-01', 'YYYY-MM-DD'), 5, 1);
INSERT INTO Alimentation (id_alimentation, dose_journaliere_alimentation, date_alimentation, id_personnel, id_animaux) VALUES (2, 4.00, TO_DATE('2026-03-01', 'YYYY-MM-DD'), 5, 2);
INSERT INTO Alimentation (id_alimentation, dose_journaliere_alimentation, date_alimentation, id_personnel, id_animaux) VALUES (3, 25.00, TO_DATE('2026-03-01', 'YYYY-MM-DD'), 5, 3);
INSERT INTO Alimentation (id_alimentation, dose_journaliere_alimentation, date_alimentation, id_personnel, id_animaux) VALUES (4, 5.00, TO_DATE('2026-03-01', 'YYYY-MM-DD'), 5, 4);
INSERT INTO Alimentation (id_alimentation, dose_journaliere_alimentation, date_alimentation, id_personnel, id_animaux) VALUES (5, 0.01, TO_DATE('2026-03-01', 'YYYY-MM-DD'), 2, 5);
INSERT INTO Alimentation (id_alimentation, dose_journaliere_alimentation, date_alimentation, id_personnel, id_animaux) VALUES (6, 0.01, TO_DATE('2026-03-01', 'YYYY-MM-DD'), 2, 6);
INSERT INTO Alimentation (id_alimentation, dose_journaliere_alimentation, date_alimentation, id_personnel, id_animaux) VALUES (7, 0.01, TO_DATE('2026-03-01', 'YYYY-MM-DD'), 2, 7);
INSERT INTO Alimentation (id_alimentation, dose_journaliere_alimentation, date_alimentation, id_personnel, id_animaux) VALUES (8, 0.01, TO_DATE('2026-03-01', 'YYYY-MM-DD'), 2, 8);
INSERT INTO Alimentation (id_alimentation, dose_journaliere_alimentation, date_alimentation, id_personnel, id_animaux) VALUES (9, 0.01, TO_DATE('2026-03-01', 'YYYY-MM-DD'), 2, 9);
INSERT INTO Alimentation (id_alimentation, dose_journaliere_alimentation, date_alimentation, id_personnel, id_animaux) VALUES (10, 0.02, TO_DATE('2026-03-01', 'YYYY-MM-DD'), 11, 10);
INSERT INTO Alimentation (id_alimentation, dose_journaliere_alimentation, date_alimentation, id_personnel, id_animaux) VALUES (11, 0.02, TO_DATE('2026-03-01', 'YYYY-MM-DD'), 11, 11);
INSERT INTO Alimentation (id_alimentation, dose_journaliere_alimentation, date_alimentation, id_personnel, id_animaux) VALUES (12, 0.02, TO_DATE('2026-03-01', 'YYYY-MM-DD'), 11, 12);
INSERT INTO Alimentation (id_alimentation, dose_journaliere_alimentation, date_alimentation, id_personnel, id_animaux) VALUES (13, 50.00, TO_DATE('2026-03-01', 'YYYY-MM-DD'), 6, 13);
INSERT INTO Alimentation (id_alimentation, dose_journaliere_alimentation, date_alimentation, id_personnel, id_animaux) VALUES (14, 0.30, TO_DATE('2026-03-01', 'YYYY-MM-DD'), 6, 14);
INSERT INTO Alimentation (id_alimentation, dose_journaliere_alimentation, date_alimentation, id_personnel, id_animaux) VALUES (15, 0.80, TO_DATE('2026-03-01', 'YYYY-MM-DD'), 6, 15);
INSERT INTO Alimentation (id_alimentation, dose_journaliere_alimentation, date_alimentation, id_personnel, id_animaux) VALUES (16, 8.00, TO_DATE('2026-03-01', 'YYYY-MM-DD'), 13, 16);
INSERT INTO Alimentation (id_alimentation, dose_journaliere_alimentation, date_alimentation, id_personnel, id_animaux) VALUES (17, 6.50, TO_DATE('2026-03-01', 'YYYY-MM-DD'), 13, 17);
INSERT INTO Alimentation (id_alimentation, dose_journaliere_alimentation, date_alimentation, id_personnel, id_animaux) VALUES (18, 0.25, TO_DATE('2026-03-01', 'YYYY-MM-DD'), 6, 18);
INSERT INTO Alimentation (id_alimentation, dose_journaliere_alimentation, date_alimentation, id_personnel, id_animaux) VALUES (19, 0.01, TO_DATE('2026-03-01', 'YYYY-MM-DD'), 2, 19);
INSERT INTO Alimentation (id_alimentation, dose_journaliere_alimentation, date_alimentation, id_personnel, id_animaux) VALUES (20, 22.00, TO_DATE('2026-03-01', 'YYYY-MM-DD'), 5, 20);
INSERT INTO Alimentation (id_alimentation, dose_journaliere_alimentation, date_alimentation, id_personnel, id_animaux) VALUES (21, 3.00, TO_DATE('2026-03-01', 'YYYY-MM-DD'), 5, 21);
INSERT INTO Alimentation (id_alimentation, dose_journaliere_alimentation, date_alimentation, id_personnel, id_animaux) VALUES (22, 2.00, TO_DATE('2026-03-01', 'YYYY-MM-DD'), 5, 22);
INSERT INTO Alimentation (id_alimentation, dose_journaliere_alimentation, date_alimentation, id_personnel, id_animaux) VALUES (23, 0.15, TO_DATE('2026-03-01', 'YYYY-MM-DD'), 13, 23);
INSERT INTO Alimentation (id_alimentation, dose_journaliere_alimentation, date_alimentation, id_personnel, id_animaux) VALUES (24, 2.00, TO_DATE('2026-03-01', 'YYYY-MM-DD'), 13, 24);
INSERT INTO Alimentation (id_alimentation, dose_journaliere_alimentation, date_alimentation, id_personnel, id_animaux) VALUES (25, 0.01, TO_DATE('2026-03-01', 'YYYY-MM-DD'), 15, 25);
INSERT INTO Alimentation (id_alimentation, dose_journaliere_alimentation, date_alimentation, id_personnel, id_animaux) VALUES (26, 0.01, TO_DATE('2026-03-01', 'YYYY-MM-DD'), 15, 26);
INSERT INTO Alimentation (id_alimentation, dose_journaliere_alimentation, date_alimentation, id_personnel, id_animaux) VALUES (27, 0.01, TO_DATE('2026-03-01', 'YYYY-MM-DD'), 15, 27);
INSERT INTO Alimentation (id_alimentation, dose_journaliere_alimentation, date_alimentation, id_personnel, id_animaux) VALUES (28, 0.01, TO_DATE('2026-03-01', 'YYYY-MM-DD'), 15, 28);
INSERT INTO Alimentation (id_alimentation, dose_journaliere_alimentation, date_alimentation, id_personnel, id_animaux) VALUES (29, 1.80, TO_DATE('2026-03-01', 'YYYY-MM-DD'), 5, 29);
INSERT INTO Alimentation (id_alimentation, dose_journaliere_alimentation, date_alimentation, id_personnel, id_animaux) VALUES (30, 0.02, TO_DATE('2026-03-01', 'YYYY-MM-DD'), 11, 30);
INSERT INTO Alimentation (id_alimentation, dose_journaliere_alimentation, date_alimentation, id_personnel, id_animaux) VALUES (31, 2.50, TO_DATE('2026-03-02', 'YYYY-MM-DD'), 5, 1);
INSERT INTO Alimentation (id_alimentation, dose_journaliere_alimentation, date_alimentation, id_personnel, id_animaux) VALUES (32, 4.00, TO_DATE('2026-03-02', 'YYYY-MM-DD'), 5, 2);
INSERT INTO Alimentation (id_alimentation, dose_journaliere_alimentation, date_alimentation, id_personnel, id_animaux) VALUES (33, 25.00, TO_DATE('2026-03-02', 'YYYY-MM-DD'), 5, 3);
INSERT INTO Alimentation (id_alimentation, dose_journaliere_alimentation, date_alimentation, id_personnel, id_animaux) VALUES (34, 50.00, TO_DATE('2026-03-02', 'YYYY-MM-DD'), 6, 13);
INSERT INTO Alimentation (id_alimentation, dose_journaliere_alimentation, date_alimentation, id_personnel, id_animaux) VALUES (35, 8.00, TO_DATE('2026-03-02', 'YYYY-MM-DD'), 13, 16);

INSERT INTO Parrainage (id_parrainage, niveau, contribution, date_debut, id_animaux, id_visiteur) VALUES (1, 'bronze', 50.00, TO_DATE('2025-06-01', 'YYYY-MM-DD'), 1, 1);
INSERT INTO Parrainage (id_parrainage, niveau, contribution, date_debut, id_animaux, id_visiteur) VALUES (2, 'argent', 150.00, TO_DATE('2025-07-15', 'YYYY-MM-DD'), 2, 2);
INSERT INTO Parrainage (id_parrainage, niveau, contribution, date_debut, id_animaux, id_visiteur) VALUES (3, 'or', 500.00, TO_DATE('2025-08-01', 'YYYY-MM-DD'), 13, 3);
INSERT INTO Parrainage (id_parrainage, niveau, contribution, date_debut, id_animaux, id_visiteur) VALUES (4, 'bronze', 30.00, TO_DATE('2025-09-10', 'YYYY-MM-DD'), 5, 4);
INSERT INTO Parrainage (id_parrainage, niveau, contribution, date_debut, id_animaux, id_visiteur) VALUES (5, 'argent', 120.00, TO_DATE('2025-10-01', 'YYYY-MM-DD'), 16, 5);
INSERT INTO Parrainage (id_parrainage, niveau, contribution, date_debut, id_animaux, id_visiteur) VALUES (6, 'or', 600.00, TO_DATE('2025-11-15', 'YYYY-MM-DD'), 3, 6);
INSERT INTO Parrainage (id_parrainage, niveau, contribution, date_debut, id_animaux, id_visiteur) VALUES (7, 'bronze', 40.00, TO_DATE('2025-12-01', 'YYYY-MM-DD'), 7, 7);
INSERT INTO Parrainage (id_parrainage, niveau, contribution, date_debut, id_animaux, id_visiteur) VALUES (8, 'argent', 100.00, TO_DATE('2026-01-01', 'YYYY-MM-DD'), 10, 8);
INSERT INTO Parrainage (id_parrainage, niveau, contribution, date_debut, id_animaux, id_visiteur) VALUES (9, 'bronze', 25.00, TO_DATE('2026-01-15', 'YYYY-MM-DD'), 25, 9);
INSERT INTO Parrainage (id_parrainage, niveau, contribution, date_debut, id_animaux, id_visiteur) VALUES (10, 'or', 450.00, TO_DATE('2026-02-01', 'YYYY-MM-DD'), 17, 10);
INSERT INTO Parrainage (id_parrainage, niveau, contribution, date_debut, id_animaux, id_visiteur) VALUES (11, 'argent', 130.00, TO_DATE('2026-02-10', 'YYYY-MM-DD'), 21, 11);
INSERT INTO Parrainage (id_parrainage, niveau, contribution, date_debut, id_animaux, id_visiteur) VALUES (12, 'bronze', 35.00, TO_DATE('2026-02-20', 'YYYY-MM-DD'), 14, 12);
INSERT INTO Parrainage (id_parrainage, niveau, contribution, date_debut, id_animaux, id_visiteur) VALUES (13, 'argent', 110.00, TO_DATE('2026-03-01', 'YYYY-MM-DD'), 20, 13);
INSERT INTO Parrainage (id_parrainage, niveau, contribution, date_debut, id_animaux, id_visiteur) VALUES (14, 'or', 550.00, TO_DATE('2026-03-10', 'YYYY-MM-DD'), 4, 14);
INSERT INTO Parrainage (id_parrainage, niveau, contribution, date_debut, id_animaux, id_visiteur) VALUES (15, 'bronze', 45.00, TO_DATE('2026-03-15', 'YYYY-MM-DD'), 22, 15);

INSERT INTO Reparation (id_reparation, nature_reparation, date_reparation, id_prestataire, id_personnel, id_enclo) VALUES (1, 'Remplacement vitre aquarium', TO_DATE('2025-05-10', 'YYYY-MM-DD'), 2, 4, 3);
INSERT INTO Reparation (id_reparation, nature_reparation, date_reparation, id_prestataire, id_personnel, id_enclo) VALUES (2, 'Reparation cloture', TO_DATE('2025-07-20', 'YYYY-MM-DD'), 3, 4, 2);
INSERT INTO Reparation (id_reparation, nature_reparation, date_reparation, id_prestataire, id_personnel, id_enclo) VALUES (3, 'Nettoyage bassin', TO_DATE('2025-09-15', 'YYYY-MM-DD'), 1, 8, 6);
INSERT INTO Reparation (id_reparation, nature_reparation, date_reparation, id_prestataire, id_personnel, id_enclo) VALUES (4, 'Reparation eclairage', TO_DATE('2025-11-01', 'YYYY-MM-DD'), 5, 8, 3);
INSERT INTO Reparation (id_reparation, nature_reparation, date_reparation, id_prestataire, id_personnel, id_enclo) VALUES (5, 'Amenagement nouveau rocher', TO_DATE('2026-01-10', 'YYYY-MM-DD'), 4, 4, 1);
INSERT INTO Reparation (id_reparation, nature_reparation, date_reparation, id_prestataire, id_personnel, id_enclo) VALUES (6, 'Reparation pompe eau', TO_DATE('2026-02-05', 'YYYY-MM-DD'), 1, 8, 6);
INSERT INTO Reparation (id_reparation, nature_reparation, date_reparation, id_prestataire, id_personnel, id_enclo) VALUES (7, 'Remplacement grillage', TO_DATE('2026-02-20', 'YYYY-MM-DD'), 3, 12, 4);
INSERT INTO Reparation (id_reparation, nature_reparation, date_reparation, id_prestataire, id_personnel, id_enclo) VALUES (8, 'Installation perchoirs', TO_DATE('2026-03-01', 'YYYY-MM-DD'), 6, 12, 8);
INSERT INTO Reparation (id_reparation, nature_reparation, date_reparation, id_prestataire, id_personnel, id_enclo) VALUES (9, 'Reparation serrure', TO_DATE('2026-03-10', 'YYYY-MM-DD'), 7, 4, 2);
INSERT INTO Reparation (id_reparation, nature_reparation, date_reparation, id_prestataire, id_personnel, id_enclo) VALUES (10, 'Refection sol enclos', TO_DATE('2026-03-20', 'YYYY-MM-DD'), 4, 8, 9);

INSERT INTO Cohabitation (id_espece, id_espece_1) VALUES (1, 3);
INSERT INTO Cohabitation (id_espece, id_espece_1) VALUES (3, 1);
INSERT INTO Cohabitation (id_espece, id_espece_1) VALUES (1, 4);
INSERT INTO Cohabitation (id_espece, id_espece_1) VALUES (4, 1);
INSERT INTO Cohabitation (id_espece, id_espece_1) VALUES (3, 4);
INSERT INTO Cohabitation (id_espece, id_espece_1) VALUES (4, 3);
INSERT INTO Cohabitation (id_espece, id_espece_1) VALUES (7, 8);
INSERT INTO Cohabitation (id_espece, id_espece_1) VALUES (8, 7);
INSERT INTO Cohabitation (id_espece, id_espece_1) VALUES (9, 10);
INSERT INTO Cohabitation (id_espece, id_espece_1) VALUES (10, 9);
INSERT INTO Cohabitation (id_espece, id_espece_1) VALUES (9, 11);
INSERT INTO Cohabitation (id_espece, id_espece_1) VALUES (11, 9);
INSERT INTO Cohabitation (id_espece, id_espece_1) VALUES (10, 11);
INSERT INTO Cohabitation (id_espece, id_espece_1) VALUES (11, 10);
INSERT INTO Cohabitation (id_espece, id_espece_1) VALUES (13, 14);
INSERT INTO Cohabitation (id_espece, id_espece_1) VALUES (14, 13);
INSERT INTO Cohabitation (id_espece, id_espece_1) VALUES (17, 18);
INSERT INTO Cohabitation (id_espece, id_espece_1) VALUES (18, 17);
INSERT INTO Cohabitation (id_espece, id_espece_1) VALUES (5, 6);
INSERT INTO Cohabitation (id_espece, id_espece_1) VALUES (6, 5);

INSERT INTO Est_mere_de (id_parent, id_enfant) VALUES (6, 9);
INSERT INTO Est_mere_de (id_parent, id_enfant) VALUES (3, 20);
INSERT INTO Est_mere_de (id_parent, id_enfant) VALUES (14, 18);

INSERT INTO Posseder_particularite (id_enclo, id_particularite) VALUES (1, 2);
INSERT INTO Posseder_particularite (id_enclo, id_particularite) VALUES (1, 7);
INSERT INTO Posseder_particularite (id_enclo, id_particularite) VALUES (2, 3);
INSERT INTO Posseder_particularite (id_enclo, id_particularite) VALUES (2, 8);
INSERT INTO Posseder_particularite (id_enclo, id_particularite) VALUES (3, 1);
INSERT INTO Posseder_particularite (id_enclo, id_particularite) VALUES (3, 6);
INSERT INTO Posseder_particularite (id_enclo, id_particularite) VALUES (4, 2);
INSERT INTO Posseder_particularite (id_enclo, id_particularite) VALUES (4, 7);
INSERT INTO Posseder_particularite (id_enclo, id_particularite) VALUES (5, 2);
INSERT INTO Posseder_particularite (id_enclo, id_particularite) VALUES (6, 1);
INSERT INTO Posseder_particularite (id_enclo, id_particularite) VALUES (6, 6);
INSERT INTO Posseder_particularite (id_enclo, id_particularite) VALUES (7, 2);
INSERT INTO Posseder_particularite (id_enclo, id_particularite) VALUES (7, 4);
INSERT INTO Posseder_particularite (id_enclo, id_particularite) VALUES (8, 3);
INSERT INTO Posseder_particularite (id_enclo, id_particularite) VALUES (8, 8);
INSERT INTO Posseder_particularite (id_enclo, id_particularite) VALUES (9, 7);
INSERT INTO Posseder_particularite (id_enclo, id_particularite) VALUES (9, 3);
INSERT INTO Posseder_particularite (id_enclo, id_particularite) VALUES (10, 7);

INSERT INTO Etre_specialiste_de (id_espece, id_personnel) VALUES (1, 2);
INSERT INTO Etre_specialiste_de (id_espece, id_personnel) VALUES (2, 2);
INSERT INTO Etre_specialiste_de (id_espece, id_personnel) VALUES (3, 2);
INSERT INTO Etre_specialiste_de (id_espece, id_personnel) VALUES (4, 2);
INSERT INTO Etre_specialiste_de (id_espece, id_personnel) VALUES (7, 11);
INSERT INTO Etre_specialiste_de (id_espece, id_personnel) VALUES (8, 11);
INSERT INTO Etre_specialiste_de (id_espece, id_personnel) VALUES (9, 6);
INSERT INTO Etre_specialiste_de (id_espece, id_personnel) VALUES (10, 6);
INSERT INTO Etre_specialiste_de (id_espece, id_personnel) VALUES (11, 6);
INSERT INTO Etre_specialiste_de (id_espece, id_personnel) VALUES (12, 13);
INSERT INTO Etre_specialiste_de (id_espece, id_personnel) VALUES (13, 5);
INSERT INTO Etre_specialiste_de (id_espece, id_personnel) VALUES (14, 5);
INSERT INTO Etre_specialiste_de (id_espece, id_personnel) VALUES (15, 5);
INSERT INTO Etre_specialiste_de (id_espece, id_personnel) VALUES (16, 5);
INSERT INTO Etre_specialiste_de (id_espece, id_personnel) VALUES (17, 15);
INSERT INTO Etre_specialiste_de (id_espece, id_personnel) VALUES (18, 15);
INSERT INTO Etre_specialiste_de (id_espece, id_personnel) VALUES (19, 13);
INSERT INTO Etre_specialiste_de (id_espece, id_personnel) VALUES (20, 13);

INSERT INTO Personnel_Boutique (id_personnel, id_boutique, est_responsable) VALUES (3, 2, 1);
INSERT INTO Personnel_Boutique (id_personnel, id_boutique, est_responsable) VALUES (7, 1, 1);
INSERT INTO Personnel_Boutique (id_personnel, id_boutique, est_responsable) VALUES (10, 3, 0);
INSERT INTO Personnel_Boutique (id_personnel, id_boutique, est_responsable) VALUES (14, 4, 0);
INSERT INTO Personnel_Boutique (id_personnel, id_boutique, est_responsable) VALUES (3, 5, 0);
INSERT INTO Personnel_Boutique (id_personnel, id_boutique, est_responsable) VALUES (7, 6, 0);
INSERT INTO Personnel_Boutique (id_personnel, id_boutique, est_responsable) VALUES (10, 7, 0);
INSERT INTO Personnel_Boutique (id_personnel, id_boutique, est_responsable) VALUES (14, 5, 1);

INSERT INTO Est_pere_de (id_parent, id_enfant) VALUES (5, 9);
INSERT INTO Est_pere_de (id_parent, id_enfant) VALUES (1, 22);
INSERT INTO Est_pere_de (id_parent, id_enfant) VALUES (13, 18);

INSERT INTO Attribuer (id_parrainage, id_prestation) VALUES (1, 1);
INSERT INTO Attribuer (id_parrainage, id_prestation) VALUES (1, 5);
INSERT INTO Attribuer (id_parrainage, id_prestation) VALUES (2, 1);
INSERT INTO Attribuer (id_parrainage, id_prestation) VALUES (2, 2);
INSERT INTO Attribuer (id_parrainage, id_prestation) VALUES (2, 3);
INSERT INTO Attribuer (id_parrainage, id_prestation) VALUES (3, 1);
INSERT INTO Attribuer (id_parrainage, id_prestation) VALUES (3, 2);
INSERT INTO Attribuer (id_parrainage, id_prestation) VALUES (3, 3);
INSERT INTO Attribuer (id_parrainage, id_prestation) VALUES (3, 4);
INSERT INTO Attribuer (id_parrainage, id_prestation) VALUES (3, 7);
INSERT INTO Attribuer (id_parrainage, id_prestation) VALUES (4, 1);
INSERT INTO Attribuer (id_parrainage, id_prestation) VALUES (5, 1);
INSERT INTO Attribuer (id_parrainage, id_prestation) VALUES (5, 2);
INSERT INTO Attribuer (id_parrainage, id_prestation) VALUES (5, 3);
INSERT INTO Attribuer (id_parrainage, id_prestation) VALUES (6, 1);
INSERT INTO Attribuer (id_parrainage, id_prestation) VALUES (6, 2);
INSERT INTO Attribuer (id_parrainage, id_prestation) VALUES (6, 4);
INSERT INTO Attribuer (id_parrainage, id_prestation) VALUES (6, 7);
INSERT INTO Attribuer (id_parrainage, id_prestation) VALUES (6, 8);
INSERT INTO Attribuer (id_parrainage, id_prestation) VALUES (7, 1);
INSERT INTO Attribuer (id_parrainage, id_prestation) VALUES (7, 5);
INSERT INTO Attribuer (id_parrainage, id_prestation) VALUES (8, 1);
INSERT INTO Attribuer (id_parrainage, id_prestation) VALUES (8, 2);
INSERT INTO Attribuer (id_parrainage, id_prestation) VALUES (9, 1);
INSERT INTO Attribuer (id_parrainage, id_prestation) VALUES (10, 1);
INSERT INTO Attribuer (id_parrainage, id_prestation) VALUES (10, 4);
INSERT INTO Attribuer (id_parrainage, id_prestation) VALUES (10, 7);
INSERT INTO Attribuer (id_parrainage, id_prestation) VALUES (10, 8);
INSERT INTO Attribuer (id_parrainage, id_prestation) VALUES (11, 1);
INSERT INTO Attribuer (id_parrainage, id_prestation) VALUES (11, 2);
INSERT INTO Attribuer (id_parrainage, id_prestation) VALUES (12, 1);
INSERT INTO Attribuer (id_parrainage, id_prestation) VALUES (13, 1);
INSERT INTO Attribuer (id_parrainage, id_prestation) VALUES (13, 2);
INSERT INTO Attribuer (id_parrainage, id_prestation) VALUES (14, 1);
INSERT INTO Attribuer (id_parrainage, id_prestation) VALUES (14, 4);
INSERT INTO Attribuer (id_parrainage, id_prestation) VALUES (14, 7);
INSERT INTO Attribuer (id_parrainage, id_prestation) VALUES (15, 1);
INSERT INTO Attribuer (id_parrainage, id_prestation) VALUES (15, 5);

COMMIT;
